Model,Accuracy,Precision,Recall,F1-Score,ROC-AUC,Train_Time,Test_Time,Parameters,Best_C,Best_Solver,CV_Time,Avg_Precision
Decision Tree,0.999420666409185,0.8350515463917526,0.826530612244898,0.8307692307692308,0.9410528737381276,6.8192431926727295,0.0133001804351806,"max_depth=4, criterion=entropy",,,,
KNN,0.9995435553526912,0.9186046511627908,0.8061224489795918,0.8586956521739131,0.9437426067782204,0.046720266342163,42.26459240913391,n_neighbors=5,,,,
SVM,0.999420666409185,0.9577464788732394,0.6938775510204082,0.8047337278106509,0.9681111682151758,1174.1263761520386,71.42274165153503,"kernel=rbf, gamma=scale, FULL_DATASET",,,,
Logistic Regression,0.9991748885221726,0.8311688311688312,0.6530612244897959,0.7314285714285714,0.9557137043055828,2.8894357681274414,0.025132417678833,,10.0,liblinear,28.060332775115967,
XGBoost,0.9995259997893332,0.8817204301075269,0.8367346938775511,0.8586387434554974,0.9682378578893572,2.401472568511963,0.0667321681976318,scale_pos_weight=577.29,,,,
Random Forest,0.9995962220427652,0.9411764705882352,0.8163265306122449,0.8743169398907104,0.9630272515590368,64.82933068275452,0.3441026210784912,n_estimators=100,,,,
XGBoost,0.9995259997893332,0.8817204301075269,0.8367346938775511,0.8586387434554974,0.9682378578893572,3.384575366973877,0.10223627090454102,scale_pos_weight=577.29,,,,0.8800038893818777
